Total Trophies,Angle of Spread,Correlation,Correlation Red,Correlation Green,Power Mean,Trophies Mean,Power Mean Norm,Trophies Mean Norm,Date,Datetime
20374.0,36.59807011,0.841264757,0.887104542,0.955859706,7.358490566,384.4150943,0.668953688,0.669712708,30/06/22,30/06/22 02:11
20407.0,36.6156938,0.835423309,0.887104542,0.957265926,7.358490566,385.0377358,0.668953688,0.669630845,30/06/22,15:44.1
20421.0,36.6156938,0.832443274,0.887104542,0.957035391,7.358490566,385.3018868,0.668953688,0.670090238,30/06/22,44:21.7
20421.0,36.6156938,0.832443274,0.887104542,0.957035391,7.358490566,385.3018868,0.668953688,0.670090238,01/07/22,05:19.8
20426.0,36.63321846,0.831980741,0.887104542,0.957326045,7.358490566,385.3962264,0.668953688,0.669090671,01/07/22,33:27.7
20510.0,39.07350676,0.819799815,0.871365479,0.954899005,7.358490566,386.9811321,0.668953688,0.66951753,02/07/22,45:02.4
20526.0,39.07350676,0.820167614,0.871365479,0.956321229,7.358490566,387.2830189,0.668953688,0.670039825,03/07/22,10:16.8
20524.0,39.07350676,0.821944931,0.872453925,0.957401916,7.358490566,387.245283,0.668953688,0.669974538,03/07/22,55:53.2
20612.0,38.32476451,0.821211779,0.876306907,0.959552868,7.358490566,388.9056604,0.668953688,0.669372909,03/07/22,29:48.5
20619.0,38.05821853,0.822619099,0.88020038,0.959552868,7.358490566,389.0377358,0.668953688,0.669600234,03/07/22,59:39.2
20660.0,37.72677634,0.8254692,0.883373336,0.965214865,7.358490566,389.8113208,0.668953688,0.669778902,03/07/22,35:16.3
20689.0,37.74783891,0.825420792,0.88423186,0.961398075,7.358490566,390.3584906,0.668953688,0.669568594,03/07/22,06:10.2
20694.0,37.74783891,0.824296277,0.88423186,0.961351715,7.358490566,390.4528302,0.668953688,0.669730412,03/07/22,28:29.4
20771.0,37.78967113,0.827506857,0.897828867,0.958167232,7.358490566,391.9056604,0.668953688,0.669924206,03/07/22,32:07.1
20786.0,37.81044137,0.826674493,0.897828867,0.958067285,7.358490566,392.1886792,0.668953688,0.669263958,03/07/22,16:18.5
20804.0,37.81044137,0.827365016,0.897780485,0.958067285,7.358490566,392.5283019,0.668953688,0.669843519,03/07/22,38:47.4
20840.0,35.29327399,0.834006138,0.915065418,0.958067285,7.358490566,393.2075472,0.668953688,0.669859535,03/07/22,33:18.4
20876.0,35.31498189,0.834932772,0.913198517,0.958067285,7.358490566,393.8867925,0.668953688,0.669875497,04/07/22,24:28.2
20894.0,35.3365979,0.834578084,0.908189396,0.958067285,7.358490566,394.2264151,0.668953688,0.669314796,04/07/22,39:31.2
20899.0,35.3365979,0.834380654,0.911525552,0.955603976,7.358490566,394.3207547,0.668953688,0.669474966,04/07/22,45:17.4
20909.0,35.3365979,0.833855654,0.911525552,0.956875676,7.358490566,394.509434,0.668953688,0.669795304,04/07/22,50:31.4
20917.0,35.3365979,0.83331014,0.911525552,0.957668612,7.358490566,394.6603774,0.668953688,0.670051574,04/07/22,26:51.4
20917.0,35.3365979,0.83331014,0.911525552,0.957668612,7.358490566,394.6603774,0.668953688,0.670051574,05/07/22,54:34.3
20928.0,16.07419274,0.848997947,0.931523408,0.958249665,7.41509434,394.8679245,0.674099485,0.674987905,05/07/22,55:21.7
20946.0,11.69999974,0.857436454,0.944432175,0.9623408,7.452830189,395.2075472,0.677530017,0.677886016,06/07/22,41:57.5
20968.0,11.69999974,0.85497947,0.941377034,0.9623408,7.452830189,395.6226415,0.677530017,0.678598013,06/07/22,06:59.2
20993.0,10.92921544,0.858967781,0.946926106,0.9623408,7.452830189,396.0943396,0.677530017,0.678243732,06/07/22,00:41.5
21003.0,10.92921544,0.857901408,0.938837077,0.969925593,7.452830189,396.2830189,0.677530017,0.678566813,06/07/22,58:17.7
21058.0,10.9293636,0.855064707,0.943272603,0.965690199,7.490566038,397.3207547,0.680960549,0.681510729,06/07/22,40:30.3
21110.0,12.65391714,0.844369483,0.943272603,0.956472135,7.490566038,398.3018868,0.680960549,0.682023779,06/07/22,59:10.4
21123.0,12.65435663,0.84422535,0.942286772,0.956472135,7.490566038,398.5471698,0.680960549,0.681277213,06/07/22,00:27.1
21123.0,12.65435663,0.84422535,0.942286772,0.956472135,7.490566038,398.5471698,0.680960549,0.681277213,07/07/22,56:43.4
21141.0,12.65435663,0.844225392,0.939505136,0.956472135,7.490566038,398.8867925,0.680960549,0.681857765,07/07/22,45:52.3
21167.0,12.65639154,0.84825135,0.914935613,0.946522151,7.490566038,399.3773585,0.680960549,0.663417539,07/07/22,36:33.6
21180.0,12.65639154,0.849231542,0.914547008,0.946522151,7.490566038,399.6226415,0.680960549,0.663824986,07/07/22,55:56.1
21180.0,12.65639154,0.849231542,0.914547008,0.946522151,7.490566038,399.6226415,0.680960549,0.663824986,08/07/22,44:31.4
21187.0,12.65639154,0.849493869,0.915713121,0.946522151,7.490566038,399.754717,0.680960549,0.66404438,08/07/22,38:33.4
21210.0,10.92140391,0.855225599,0.913661681,0.949167345,7.509433962,400.1886792,0.682675815,0.664765248,08/07/22,32:54.1
21223.0,10.92140391,0.855493941,0.915418687,0.949167345,7.509433962,400.4339623,0.682675815,0.665172695,08/07/22,45:41.4
21223.0,10.92140391,0.855493941,0.915418687,0.949167345,7.509433962,400.4339623,0.682675815,0.665172695,09/07/22,05:58.0
21213.0,10.92801304,0.853073249,0.918166906,0.963115347,7.509433962,400.245283,0.682675815,0.679533587,09/07/22,15:12.6
21239.0,10.92903629,0.855870777,0.933197897,0.967409231,7.528301887,400.7358491,0.684391081,0.685018545,11/07/22,24:26.1
21250.0,11.11497688,0.847610785,0.942648914,0.945641764,7.58490566,400.9433962,0.689536878,0.690091904,11/07/22,09:09.0
21259.0,11.11497688,0.84847682,0.944074865,0.945641764,7.58490566,401.1132075,0.689536878,0.690384178,11/07/22,33:22.1
21253.0,11.11497688,0.847210436,0.944706675,0.945641764,7.58490566,401.0,0.689536878,0.690189329,11/07/22,38:38.3
21257.0,10.88336717,0.847637538,0.945482642,0.945641764,7.58490566,401.0754717,0.689536878,0.690319228,11/07/22,44:30.5
21273.0,13.22133095,0.835905322,0.931413557,0.945641764,7.603773585,401.3773585,0.691252144,0.692029928,11/07/22,57:29.8
21294.0,11.20805144,0.838691942,0.937321438,0.945641764,7.603773585,401.7735849,0.691252144,0.6915208,11/07/22,09:56.5
21303.0,11.20805144,0.83873059,0.93773093,0.945641764,7.603773585,401.9433962,0.691252144,0.691813074,11/07/22,22:23.7
21303.0,11.20820029,0.832286328,0.934068625,0.945641764,7.622641509,401.9433962,0.69296741,0.693005856,12/07/22,31:54.2
21335.0,11.41577389,0.82398542,0.92937834,0.948055453,7.641509434,402.5471698,0.694682676,0.695245544,13/07/22,45:57.9
21369.0,11.40587561,0.831026521,0.887096982,0.944701628,7.641509434,403.1886792,0.694682676,0.668637942,13/07/22,37:38.5
21389.0,29.47279661,0.878321117,0.94449755,0.944701628,7.518518519,396.0925926,0.683501684,0.656869971,13/07/22,57:38.7
21409.0,13.39924777,0.874342745,0.942875633,0.944701628,7.518518519,396.462963,0.683501684,0.657484184,13/07/22,14:20.8
21429.0,11.40587561,0.86976558,0.887096982,0.976434805,7.518518519,396.8333333,0.683501684,0.658098397,13/07/22,21:32.9
21453.0,18.76060055,0.863432134,0.887096982,0.97392243,7.518518519,397.2777778,0.683501684,0.658835452,13/07/22,59:06.9
21619.0,11.08502519,0.859156851,0.881792052,0.970976447,7.574074074,400.3518519,0.688552189,0.666142848,15/07/22,39:20.1
21621.0,11.08502519,0.859338921,0.882321824,0.970976447,7.574074074,400.3888889,0.688552189,0.666204474,15/07/22,46:37.4
21629.0,11.20702696,0.858146277,0.882321824,0.969761497,7.574074074,400.537037,0.688552189,0.666450977,15/07/22,57:55.0
21633.0,14.44548471,0.843399344,0.850353514,0.969761497,7.592592593,400.6111111,0.69023569,0.666574228,15/07/22,19:00.3
21647.0,13.37311156,0.847487434,0.863055874,0.969761497,7.592592593,400.8703704,0.69023569,0.667005608,15/07/22,37:01.9
21654.0,13.37311156,0.848083685,0.864737642,0.969761497,7.592592593,401.0,0.69023569,0.667221298,15/07/22,48:27.4
21688.0,13.373111564044333,0.8490856997274138,0.8693825196840727,0.9696898319487915,7.592592592592593,401.6296296296296,0.69023569023569,0.6682689344918961,2022-07-16,2022-07-16 17:47:45.180915
21741.0,13.373111564044333,0.8438426069424634,0.8649693747741846,0.9679430362396592,7.592592592592593,402.6111111111111,0.69023569023569,0.6699020151599184,2022-07-16,2022-07-16 18:18:04.143153
21759.0,12.036534453408168,0.848778799213834,0.8796327887508747,0.9679430362396592,7.592592592592593,402.94444444444446,0.69023569023569,0.6704566463301902,2022-07-17,2022-07-17 01:09:46.323975
21785.0,10.887541750386369,0.8548120591561083,0.8948387518873416,0.9679430362396592,7.592592592592593,403.4259259259259,0.69023569023569,0.671257780242805,2022-07-17,2022-07-17 01:24:32.138989
21801.0,10.796783395501857,0.8571899273813852,0.9006752945186078,0.9679430362396592,7.592592592592593,403.72222222222223,0.69023569023569,0.671750785727491,2022-07-17,2022-07-17 01:54:14.014337
21820.0,10.187728633562536,0.8587626541290608,0.9053526576953236,0.9679430362396592,7.592592592592593,404.0740740740741,0.6902356902356901,0.6723362297405556,2022-07-17,2022-07-17 02:01:33.516985
21840.0,10.187728633562536,0.8596621665619198,0.9062772526230936,0.9679430362396592,7.592592592592593,404.44444444444446,0.6902356902356901,0.6729524865964132,2022-07-17,2022-07-17 02:37:13.445784
21865.0,10.187728633562536,0.8596709934518572,0.9013855265291584,0.9679430362396592,7.592592592592593,404.9074074074074,0.6902356902356901,0.673722807666235,2022-07-17,2022-07-17 11:41:54.876864
21945.0,10.023564044949696,0.870129719883218,0.9066264016655328,0.9679430362396592,7.592592592592593,406.3888888888889,0.6902356902356901,0.6761878350896652,2022-07-17,2022-07-17 12:37:48.145760
21988.0,9.9460734415043,0.8747500324242439,0.9134356742903768,0.9679430362396592,7.592592592592593,407.1851851851852,0.6902356902356901,0.677512787329759,2022-07-17,2022-07-17 13:09:19.689388
22007.0,9.901871312209568,0.8772564273250456,0.9186476013644184,0.9679430362396592,7.592592592592593,407.537037037037,0.6902356902356901,0.6780982313428235,2022-07-17,2022-07-17 13:37:40.516576
22051.0,11.795700607914824,0.8703710245281295,0.9186476013644184,0.965443517341208,7.592592592592593,408.3518518518519,0.6902356902356901,0.6794539964257102,2022-07-17,2022-07-17 18:17:37.962930
22058.0,11.795700607914824,0.8700162421703146,0.9168856824632952,0.965443517341208,7.592592592592593,408.4814814814815,0.6902356902356901,0.6796696863252604,2022-07-17,2022-07-17 23:20:07.653507
22074.0,11.795700607914824,0.8712857146494202,0.919900363123841,0.965443517341208,7.592592592592593,408.77777777777777,0.6902356902356901,0.6801626918099464,2022-07-18,2022-07-18 06:12:39.440597
22150.0,11.35679454797453,0.8850469486046472,0.9336361559625866,0.9675044476003848,7.611111111111111,410.1851851851852,0.6919191919191918,0.682504467862205,2022-07-18,2022-07-18 06:57:04.469181
22142.0,11.35679454797453,0.8844251434844912,0.9336086589142428,0.9675044476003848,7.611111111111111,410.037037037037,0.6919191919191918,0.682257965119862,2022-07-18,2022-07-18 07:14:50.886890
22160.0,14.955420119043842,0.8767183655768589,0.9324526889795142,0.960329592145564,7.611111111111111,410.3703703703704,0.6919191919191918,0.6828125962901337,2022-07-18,2022-07-18 15:12:01.720979
22184.0,15.525814142270123,0.8733604077928769,0.9324526889795142,0.9584037755466268,7.611111111111111,410.8148148148149,0.6919191919191918,0.6835521045171626,2022-07-18,2022-07-18 17:06:50.649839
22191.0,9.69163566396508,0.882139272165617,0.9325750260835974,0.9675921769459392,7.62962962962963,410.94444444444446,0.6936026936026936,0.6837677944167128,2022-07-18,2022-07-18 18:00:03.545356
22203.0,9.69163566396508,0.8817151353972185,0.9309961831600004,0.9675921769459392,7.62962962962963,411.1666666666667,0.6936026936026936,0.6841375485302273,2022-07-18,2022-07-18 18:08:07.397579
22211.0,9.69163566396508,0.8800424427263104,0.9309961831600004,0.9664300373717782,7.62962962962963,411.3148148148149,0.6936026936026936,0.6843840512725704,2022-07-18,2022-07-18 23:46:28.656734
22221.0,9.69163566396508,0.8794537670390539,0.9285508955796776,0.9664300373717782,7.62962962962963,411.5,0.6936026936026936,0.684692179700499,2022-07-18,2022-07-18 23:59:12.316355
22221.0,9.69163566396508,0.8794537670390539,0.9285508955796776,0.9664300373717782,7.62962962962963,411.5,0.6936026936026936,0.684692179700499,2022-07-19,2022-07-19 00:07:32.051198
22231.0,9.69163566396508,0.8799173229453597,0.9290510537274996,0.9664300373717782,7.62962962962963,411.6851851851852,0.6936026936026936,0.6850003081284278,2022-07-19,2022-07-19 00:21:14.782261
22273.0,9.34096348145579,0.8813398310205436,0.9287079205902312,0.9664300373717782,7.62962962962963,412.462962962963,0.6936026936026936,0.6862944475257287,2022-07-19,2022-07-19 03:18:56.073366
22274.0,9.34096348145579,0.8814166529022591,0.9289123160662732,0.9664300373717782,7.62962962962963,412.4814814814815,0.6936026936026936,0.6863252603685216,2022-07-19,2022-07-19 03:37:06.624324
22322.0,9.34096348145579,0.8824577741301257,0.9301994939563778,0.9650977540317552,7.62962962962963,413.3703703703704,0.6936026936026936,0.6878042768225796,2022-07-19,2022-07-19 11:49:20.694953
22339.0,9.34096348145579,0.8831659954998788,0.9306464821332284,0.9650977540317552,7.62962962962963,413.6851851851852,0.6936026936026936,0.6883280951500585,2022-07-19,2022-07-19 12:22:38.863469
22346.0,9.271261887660028,0.8838637065805944,0.932881601436732,0.9650977540317552,7.62962962962963,413.8148148148149,0.6936026936026936,0.6885437850496087,2022-07-19,2022-07-19 12:28:21.812415
22369.0,9.271261887660028,0.8811079667609527,0.930809041087898,0.9646372817101664,7.648148148148148,414.2407407407408,0.6952861952861952,0.6892524804338448,2022-07-20,2022-07-20 12:56:59.750395
22391.0,9.271112010804403,0.8772949025486914,0.9368244876910784,0.9562599229355312,7.648148148148148,414.64814814814815,0.6952861952861952,0.6945530119734475,2022-07-20,2022-07-20 20:26:34.044297
22388.0,9.271112010804403,0.8776907174124771,0.9368244876910784,0.9563081146280744,7.648148148148148,414.5925925925926,0.6952861952861952,0.6944599540914448,2022-07-20,2022-07-20 20:53:28.330922
22438.0,9.271187723100862,0.87415064160046,0.9428233214901656,0.9537248152400122,7.648148148148148,415.5185185185185,0.6952861952861952,0.6948470209339773,2022-07-20,2022-07-20 21:15:23.609131
22447.0,9.271112010804403,0.8794584092860404,0.9428233214901652,0.9543446833882516,7.666666666666667,415.6851851851852,0.6969696969696968,0.6962900924374961,2022-07-21,2022-07-21 00:18:35.060990
22452.0,9.271112010804403,0.8790955055865477,0.941319290032715,0.956628615728133,7.666666666666667,415.77777777777777,0.6969696969696968,0.6964451889075003,2022-07-21,2022-07-21 12:25:01.647035
22484.0,9.271187723100862,0.8823402232916829,0.9427826682278106,0.956628615728133,7.666666666666667,416.3703703703704,0.6969696969696968,0.6962715223584787,2022-07-21,2022-07-21 13:33:33.480104
22510.0,9.27123785535824,0.8831206422843971,0.9434709233359708,0.955327177521307,7.666666666666667,416.8518518518519,0.6969696969696968,0.6959129413219565,2022-07-21,2022-07-21 13:44:31.671832
22542.0,9.27123785535824,0.8828437234232834,0.9430033928925252,0.9554597626236784,7.666666666666667,417.44444444444446,0.6969696969696968,0.6969022444815435,2022-07-21,2022-07-21 13:59:05.170824
22553.0,9.271262534660508,0.8814275199679162,0.9361589537178424,0.9569514891468756,7.666666666666667,417.64814814814815,0.6969696969696968,0.69608024691358,2022-07-21,2022-07-21 18:10:44.213593
22569.0,9.27123785535824,0.880700269382732,0.9467944068257904,0.9495355717657044,7.685185185185185,417.94444444444446,0.6986531986531985,0.6977369690224449,2022-07-21,2022-07-21 22:40:58.259920
22605.0,9.271262534660508,0.8842854731953796,0.941800839229034,0.9515948625355722,7.685185185185185,418.6111111111111,0.6986531986531985,0.6976851851851849,2022-07-21,2022-07-21 23:16:38.186974
22645.0,9.109074181916528,0.8904239940719978,0.9550297232967324,0.9459650619124051,7.703703703703703,419.3518518518519,0.7003367003367001,0.7000865640264637,2022-07-22,2022-07-22 01:24:45.923037
22668.0,9.028373735476748,0.8908231346594732,0.9535068817626432,0.9482515097973776,7.703703703703703,419.77777777777777,0.7003367003367001,0.6996296296296294,2022-07-22,2022-07-22 02:29:42.477396
22676.0,9.028373735476748,0.8906483318648947,0.9535068817626432,0.9487490285781336,7.703703703703703,419.9259259259259,0.7003367003367001,0.6998765432098764,2022-07-22,2022-07-22 02:46:46.161669
22692.0,9.028286111967365,0.8908337642273675,0.962170332174638,0.9354012069137884,7.722222222222222,420.22222222222223,0.702020202020202,0.7015396030421072,2022-07-22,2022-07-22 14:23:08.209440
22707.0,9.028286111967365,0.8909691955359835,0.9607107426807556,0.9354012069137884,7.722222222222222,420.5,0.702020202020202,0.7020033388981636,2022-07-22,2022-07-22 14:53:22.906457
22721.0,9.028373735476748,0.8910096530362686,0.9582456652734538,0.9380758191370612,7.722222222222222,420.7592592592592,0.702020202020202,0.7012654320987652,2022-07-22,2022-07-22 22:31:27.687663
22721.0,9.028373735476748,0.8910096530362686,0.9582456652734538,0.9380758191370612,7.722222222222222,420.7592592592592,0.702020202020202,0.7012654320987652,2022-07-24,2022-07-24 03:03:50.786944
22729.0,9.028373735476748,0.8912407308070677,0.9573001362458856,0.9380758191370612,7.722222222222222,420.9074074074074,0.702020202020202,0.7015123456790122,2022-07-24,2022-07-24 13:11:55.689932
22746.0,9.028436569110042,0.8898107849371628,0.9556481575542788,0.9426670479320164,7.722222222222222,421.22222222222223,0.702020202020202,0.7008689221667589,2022-07-24,2022-07-24 14:55:04.828088
22768.0,9.028436569110042,0.8945621848261973,0.9624244745428236,0.9426670479320164,7.722222222222222,421.6296296296296,0.702020202020202,0.7015468047082022,2022-07-24,2022-07-24 14:55:45.575951
22770.0,9.028436569110042,0.8948625483016852,0.962936612562927,0.9426670479320164,7.722222222222222,421.6666666666667,0.702020202020202,0.701608430393788,2022-07-24,2022-07-24 21:30:15.989227
22773.0,9.028436569110042,0.8950462282444794,0.9632624498001174,0.9426670479320164,7.722222222222222,421.72222222222223,0.702020202020202,0.7017008689221664,2022-07-25,2022-07-25 02:08:33.264880
22786.0,9.028474735387316,0.8952878569296734,0.966582376761886,0.9425039665264694,7.722222222222222,421.962962962963,0.702020202020202,0.7009351544235264,2022-07-25,2022-07-25 02:21:46.006827
22705.0,8.831849166893177,0.9045515942345644,0.965845137796319,0.9443032451337118,7.74074074074074,420.462962962963,0.7037037037037036,0.70311532268054,2022-07-25,2022-07-25 16:36:05.924161
22696.0,8.831656286814813,0.902201482314888,0.9718033698402544,0.9368192665318452,7.7592592592592595,420.2962962962963,0.7053872053872051,0.7051951280139201,2022-07-25,2022-07-25 19:16:21.837598
22705.0,8.831765001182681,0.9036620535892902,0.9651178655046172,0.9390231690928534,7.7592592592592595,420.462962962963,0.7053872053872051,0.7042930702897201,2022-07-25,2022-07-25 19:18:24.020549
22774.0,7.8920048892539585,0.9121975128986034,0.9775675285054706,0.9360115277442134,7.7592592592592595,421.7407407407408,0.7053872053872051,0.7052520748172921,2022-07-26,2022-07-26 01:15:10.391503
22793.0,7.891713646886636,0.9191052928679264,0.9775675285054706,0.9429320651406105,7.777777777777778,422.0925925925926,0.7070707070707068,0.7070227681617965,2022-07-26,2022-07-26 01:36:39.399853
22794.0,7.891713646886636,0.9192472820168776,0.9775675285054706,0.9432792701039726,7.777777777777778,422.1111111111111,0.7070707070707068,0.7070537874557975,2022-07-26,2022-07-26 01:46:39.705345
22816.0,7.8920048892539585,0.9200834976227144,0.978531572938252,0.9432792701039726,7.777777777777778,422.5185185185185,0.7070707070707068,0.7065527065527064,2022-07-27,2022-07-27 01:05:48.389228
22839.0,7.892273891912784,0.9190729842326578,0.9796088748418984,0.944981512690238,7.777777777777778,422.94444444444446,0.7070707070707068,0.7060842144314597,2022-07-27,2022-07-27 01:23:02.828635
22850.0,7.892273891912784,0.9183172110004176,0.9796088748418984,0.9449359342107916,7.777777777777778,423.14814814814815,0.7070707070707068,0.7064242873925678,2022-07-28,2022-07-28 09:38:25.201542
22889.0,7.892520761653344,0.9109606145563696,0.9755467409568812,0.9337635162665524,7.777777777777778,423.8703703703704,0.7070707070707068,0.7064506172839506,2022-07-28,2022-07-28 10:09:40.194565
22901.0,7.892273891912784,0.9178177882625392,0.9804486014660962,0.9446308925542228,7.796296296296297,424.0925925925926,0.7087542087542086,0.7080009893031595,2022-07-28,2022-07-28 20:24:36.893860
22897.0,7.892273891912784,0.9182767410586404,0.9785618439416872,0.943505917055501,7.796296296296297,424.0185185185185,0.7087542087542086,0.707877326408211,2022-07-29,2022-07-29 09:29:54.252752
22893.0,7.892273891912784,0.9179645662140492,0.9778516431963784,0.943505917055501,7.796296296296297,423.94444444444446,0.7087542087542086,0.7077536635132626,2022-07-29,2022-07-29 11:22:20.148666
22901.0,7.892273891912784,0.9185440778346088,0.9790915072450732,0.943505917055501,7.796296296296297,424.0925925925926,0.7087542087542086,0.7080009893031594,2022-07-29,2022-07-29 13:27:10.541237
22905.0,7.892273891912784,0.918514081692271,0.9792544492531284,0.943505917055501,7.796296296296297,424.1666666666667,0.7087542087542086,0.7081246521981077,2022-08-01,2022-08-01 09:57:15.761590
22906.0,7.892273891912784,0.918505565962596,0.9792927291847772,0.943505917055501,7.796296296296297,424.1851851851852,0.7087542087542086,0.7081555679218448,2022-08-01,2022-08-01 09:59:27.556113
22911.0,7.892273891912784,0.9183484770942224,0.9816248164039084,0.9447068330034476,7.796296296296297,424.27777777777777,0.7087542087542086,0.7083101465405304,2022-08-01,2022-08-01 10:13:53.760392
22914.0,7.892273891912784,0.9184974631411352,0.9811404604229026,0.9447068330034476,7.796296296296297,424.3333333333333,0.7087542087542086,0.7084028937117416,2022-08-01,2022-08-01 10:19:58.215090
22916.0,7.892273891912784,0.9184734390661864,0.9811627661341218,0.9447068330034476,7.796296296296297,424.3703703703704,0.7087542087542086,0.7084647251592158,2022-08-01,2022-08-01 20:55:42.462751
22936.0,7.892520761653344,0.9192197407546212,0.9772034136462808,0.9406446938671112,7.796296296296297,424.7407407407408,0.7087542087542086,0.7079012345679011,2022-08-02,2022-08-02 10:10:14.158615
22955.0,7.892520761653344,0.917355081651212,0.9772034136462808,0.9389108029841056,7.796296296296297,425.0925925925926,0.7087542087542086,0.7084876543209875,2022-08-02,2022-08-02 18:07:03.877543
22979.0,10.809583963098316,0.9034354050985892,0.9599657516905892,0.9405257199209366,7.814814814814815,425.537037037037,0.7104377104377103,0.7104124157546526,2022-08-06,2022-08-06 14:35:30.037463
23029.0,7.892745604923644,0.912933531095414,0.9793236699769676,0.9372057246188912,7.814814814814815,426.462962962963,0.7104377104377102,0.7095889566771427,2022-08-07,2022-08-07 02:33:19.205668
23037.0,7.892745604923644,0.9125192055661612,0.9793236699769676,0.9375692343774564,7.814814814814815,426.6111111111111,0.7104377104377102,0.7098354594194858,2022-08-07,2022-08-07 02:34:04.701709
23063.0,7.892948527829477,0.9098791338585656,0.9754123500498102,0.9330274805350716,7.814814814814815,427.0925925925926,0.7104377104377102,0.7094561338747384,2022-08-07,2022-08-07 21:23:46.852773
23069.0,7.892948527829477,0.909763580553221,0.9753030949195244,0.9330274805350716,7.814814814814815,427.2037037037037,0.7104377104377102,0.7096407038267503,2022-08-07,2022-08-07 21:56:29.080221
23088.0,7.892948527829477,0.9082035137651586,0.974585868520004,0.9408167153128648,7.814814814814815,427.55555555555554,0.7104377104377102,0.7102251753414544,2022-08-08,2022-08-08 09:34:09.766023
23088.0,10.357649867199031,0.8946069104766867,0.9619843329178172,0.942137387745298,7.833333333333333,427.55555555555554,0.7121212121212118,0.7114069144019225,2022-08-09,2022-08-09 07:54:56.367929
23099.0,10.358093523443312,0.8920969248333203,0.9547919989948496,0.935519102888072,7.851851851851852,427.7592592592592,0.7138047138047134,0.7129320987654323,2022-08-09,2022-08-09 08:08:47.172746
23102.0,10.358093523443312,0.8917102380398378,0.9547919989948496,0.9352799074546052,7.851851851851852,427.8148148148149,0.7138047138047134,0.7130246913580248,2022-08-09,2022-08-09 09:43:59.782020
23110.0,10.358093523443312,0.890549504820704,0.9547919989948496,0.934348072459504,7.851851851851852,427.962962962963,0.7138047138047134,0.7132716049382717,2022-08-09,2022-08-09 09:49:04.510306
23113.0,10.358093523443312,0.8908881803119254,0.954365911528842,0.934348072459504,7.851851851851852,428.0185185185185,0.7138047138047134,0.7133641975308642,2022-08-10,2022-08-10 09:14:23.249730
23109.0,10.358093523443312,0.8914912918936841,0.954365911528842,0.9348680882935892,7.851851851851852,427.94444444444446,0.7138047138047134,0.7132407407407406,2022-08-10,2022-08-10 09:15:21.850099
23125.0,10.358093523443312,0.8919591181627302,0.9539795145713554,0.9348680882935892,7.851851851851852,428.2407407407408,0.7138047138047134,0.7137345679012346,2022-08-10,2022-08-10 09:25:30.130431
23149.0,10.357649867199031,0.8914013447460133,0.96153088266794,0.936427660778671,7.851851851851852,428.6851851851852,0.7138047138047134,0.713286497812288,2022-08-10,2022-08-10 09:36:10.344420
23173.0,10.358093523443312,0.8781306194262886,0.9491380781010492,0.9316252641181514,7.87037037037037,429.1296296296296,0.7154882154882151,0.715216049382716,2022-08-11,2022-08-11 09:46:59.586489
23181.0,10.358093523443312,0.878371149653991,0.9488316749512692,0.9316252641181514,7.87037037037037,429.27777777777777,0.7154882154882151,0.7154629629629626,2022-08-11,2022-08-11 09:52:21.049634
23193.0,10.980878139054866,0.8751050886320192,0.9557054159786982,0.9270109298445848,7.87037037037037,429.5,0.7154882154882151,0.7146422628951745,2022-08-11,2022-08-11 10:01:39.350891
23215.0,10.358093523443312,0.878622374428611,0.946680308653859,0.9305879400606968,7.888888888888889,429.9074074074074,0.7171717171717168,0.7165123456790121,2022-08-12,2022-08-12 00:47:25.532062
23223.0,10.358093523443312,0.8786319368206048,0.945672068848095,0.9305879400606968,7.888888888888889,430.05555555555554,0.7171717171717168,0.7167592592592591,2022-08-12,2022-08-12 01:16:57.047449
23231.0,10.358093523443312,0.8784468110596068,0.9438629820047312,0.9305879400606968,7.888888888888889,430.2037037037037,0.7171717171717168,0.7170061728395061,2022-08-12,2022-08-12 10:37:47.692189
23247.0,9.251249111114753,0.8835567474354746,0.9591494618991336,0.9305879400606968,7.888888888888889,430.5,0.7171717171717168,0.7163061564059896,2022-08-12,2022-08-12 11:06:47.346480
23260.0,8.845399866923252,0.8871297252838378,0.96372550952619,0.9305879400606968,7.888888888888889,430.7407407407408,0.7171717171717168,0.7167067233622971,2022-08-12,2022-08-12 11:56:52.098716
23279.0,8.37815043535533,0.8918272955128985,0.9653430861243802,0.9262330558046988,7.888888888888889,431.0925925925926,0.7171717171717168,0.7161006521471636,2022-08-12,2022-08-12 21:12:12.608920
23279.0,8.37815043535533,0.8918272955128986,0.96534308612438,0.9262330558046988,7.888888888888889,431.0925925925926,0.7171717171717168,0.7161006521471636,2022-08-13,2022-08-13 05:11:39.337798
23282.0,8.37815043535533,0.8918141344996918,0.9646732520494902,0.9262330558046988,7.888888888888889,431.14814814814815,0.7171717171717169,0.7161929371231694,2022-08-13,2022-08-13 05:19:25.800478
23352.0,8.378225277562855,0.884420753471478,0.9678506648588072,0.9197086572993984,7.888888888888889,432.44444444444446,0.7171717171717169,0.7171549659111847,2022-08-13,2022-08-13 16:56:42.901293
23374.0,8.378225277562855,0.8913416347635774,0.96665809229579,0.9252848349197684,7.907407407407407,432.8518518518519,0.7188552188552185,0.7178306000859896,2022-08-14,2022-08-14 12:07:19.560731
23369.0,8.711211779422433,0.8900069796484731,0.96499414963215,0.9252848349197684,7.907407407407407,432.7592592592592,0.7188552188552185,0.717677046864443,2022-08-14,2022-08-14 12:11:29.362891
23396.0,8.180030735160546,0.8913607548313865,0.9676883014206612,0.9275571661715156,7.907407407407407,433.2592592592592,0.7188552188552185,0.7185062342607947,2022-08-15,2022-08-15 18:37:53.939438
23435.0,8.488812452908721,0.8744359881130899,0.9651783053808346,0.9494066978912044,7.944444444444445,433.9814814814815,0.7222222222222219,0.7220989708510503,2022-08-30,2022-08-30 12:43:18.321842
24107.0,13.130901389994676,0.7708750462197074,0.92610941233334,0.8864914483349243,8.254545454545454,438.3090909090909,0.7504132231404952,0.7492463092463097,2022-09-28,2022-09-28 12:16:16.440643
24174.0,10.648509020614126,0.8824249262860618,0.9261094123333398,0.976187737596433,8.142857142857142,431.6785714285714,0.7402597402597396,0.7391756360078282,2022-09-28,2022-09-28 13:55:02.605771
24174.0,10.648509020614126,0.8824249262860618,0.9261094123333398,0.976187737596433,8.142857142857142,431.6785714285714,0.7402597402597396,0.7391756360078282,2022-10-01,2022-10-01 19:21:00.530690
24581.0,37.38052681323112,0.7058992107192885,0.8493628774331663,0.8868648611707052,8.228070175438596,431.2456140350877,0.7480063795853261,0.7473927452947793,2022-10-04,2022-10-04 12:16:50.512932
25074.0,22.38352552883518,0.7521816692384719,0.8779846648979248,0.897500207435507,8.333333333333334,439.89473684210526,0.7575757575757568,0.7571337983512998,2022-10-30,2022-10-30 10:18:43.828840
25153.0,22.37569675647176,0.7381472270403289,0.8117889473141495,0.9095563841885254,8.350877192982455,441.280701754386,0.7591706539074953,0.7582142641827937,2022-11-02,2022-11-02 21:01:43.145753
25153.0,22.37569675647176,0.7381472270403289,0.8117889473141495,0.9095563841885254,8.350877192982455,441.280701754386,0.7591706539074953,0.7582142641827937,2022-11-13,2022-11-13 11:22:40.111745
25257.0,17.73898214370999,0.6869312520731836,0.8583632659878517,0.8449068302699607,8.578947368421053,443.10526315789474,0.7799043062200952,0.7787438719822403,2022-11-13,2022-11-13 12:39:19.978175
25263.0,17.73898214370999,0.6860122004897263,0.8583632659878517,0.8457581059930255,8.578947368421053,443.2105263157895,0.7799043062200952,0.7789288687447969,2022-11-13,2022-11-13 17:30:22.688494
25263.0,17.73898214370999,0.6860122004897263,0.8583632659878517,0.8457581059930255,8.578947368421053,443.2105263157895,0.7799043062200952,0.7789288687447969,2022-11-14,2022-11-14 08:43:08.640579
25376.0,16.821406805631877,0.6863132922041335,0.8597438445958471,0.8839809379149538,8.631578947368421,445.1929824561403,0.7846889952153105,0.7837904620706695,2022-11-18,2022-11-18 13:46:01.392095
25456.0,29.08111888792581,0.8105991379210358,0.9362369833352931,0.8835593900448525,8.60344827586207,438.8965517241379,0.782131661442006,0.7809547183703526,2022-11-19,2022-11-19 10:06:23.894694
25484.0,35.883284250588225,0.7633309516328163,0.8781944292124637,0.8835593900448524,8.637931034482758,439.3793103448276,0.7852664576802504,0.7846059113300493,2022-11-19,2022-11-19 22:12:17.815493
25497.0,35.883284250588225,0.7642344572838708,0.8770179490367003,0.8835593900448524,8.637931034482758,439.6034482758621,0.7852664576802504,0.785006157635468,2022-11-23,2022-11-23 01:46:10.188494
25523.0,34.3131648031749,0.7116842832152145,0.8270462647667984,0.8752471152073256,8.672413793103448,440.0517241379311,0.7884012539184949,0.7872123866510394,2022-11-23,2022-11-23 16:40:52.841942
25559.0,29.12729927032045,0.717901195494143,0.8470473732163353,0.8752471152073256,8.672413793103448,440.6724137931034,0.7884012539184949,0.7883227438159275,2022-11-23,2022-11-23 18:11:03.395397
25582.0,28.006266377013954,0.7183662980747637,0.8513025148911576,0.874204060721204,8.672413793103448,441.0689655172414,0.7884012539184949,0.7876231527093595,2022-11-23,2022-11-23 20:06:56.976413
25599.0,27.86487114686204,0.7186019186026634,0.8487449107332803,0.8923264662063323,8.672413793103448,441.36206896551727,0.7884012539184949,0.7743194192377495,2022-11-24,2022-11-24 10:07:13.749228
25615.0,27.86487114686204,0.7182722349425734,0.8487449107332803,0.8946368428015599,8.672413793103448,441.63793103448273,0.7884012539184949,0.7748033877797942,2022-11-24,2022-11-24 15:37:36.612604
25736.0,26.498481875896204,0.7414404845011068,0.8705007495977847,0.9049464428484304,8.672413793103448,443.7241379310345,0.7884012539184948,0.7757414998794305,2022-11-24,2022-11-24 21:24:31.504797
25757.0,26.498481875896204,0.7442635298552986,0.8730207899368712,0.9178380487698088,8.672413793103448,444.0862068965517,0.7884012539184948,0.7763744875813837,2022-11-24,2022-11-24 22:28:47.285916
25779.0,26.48571561839013,0.749231449438302,0.8791189051238537,0.9178380487698088,8.672413793103448,444.4655172413793,0.7884012539184948,0.7756815309622678,2022-11-25,2022-11-25 00:46:59.043986
25812.0,26.86260849963185,0.7431388680636464,0.8813218568789131,0.8954966265649411,8.672413793103448,445.0344827586207,0.7884012539184948,0.7753213985341822,2022-11-25,2022-11-25 13:10:02.611114
25812.0,26.86260849963185,0.7431388680636464,0.8813218568789131,0.8954966265649411,8.672413793103448,445.0344827586207,0.7884012539184948,0.7753213985341822,2022-11-28,2022-11-28 20:06:14.723712
26163.0,17.60559490768092,0.7578925513651029,0.9017965427332694,0.8887350322473871,8.775862068965518,451.0862068965517,0.7978056426332284,0.7844977511244378,2022-11-29,2022-11-29 11:00:46.031603
26163.0,17.60559490768092,0.7578925513651029,0.9017965427332694,0.8887350322473871,8.775862068965518,451.0862068965517,0.7978056426332284,0.7844977511244378,2022-11-30,2022-11-30 23:06:15.553877
26179.0,19.839896911840093,0.7120958700938768,0.8209422651880641,0.821983972188605,8.793103448275861,451.36206896551727,0.7993730407523507,0.7849775112443775,2022-11-30,2022-11-30 23:26:55.903103
26301.0,31.898536073718603,0.7104916685584908,0.8169247562383225,0.8663383528655278,8.779661016949152,445.7796610169492,0.7981510015408316,0.7848233468608258,2022-12-02,2022-12-02 09:04:11.863659
26369.0,22.80454754188436,0.7120457670162544,0.8262363407643117,0.8816838838544365,8.779661016949152,446.9322033898305,0.7981510015408316,0.7840915848944393,2022-12-02,2022-12-02 10:28:48.768673
26388.0,20.500386367695697,0.7112139772454064,0.8266447135544879,0.8816838838544365,8.779661016949152,447.2542372881356,0.7981510015408316,0.7846565566458518,2022-12-02,2022-12-02 19:24:13.709296
26564.0,20.370318779261574,0.6574492113587722,0.7728716398241353,0.8395200012767755,8.813559322033898,450.2372881355933,0.801232665639445,0.7871281261111764,2022-12-07,2022-12-07 12:23:49.097569
26798.0,20.3819400837606,0.641364724011392,0.7904237647606731,0.8631533574549785,8.88135593220339,454.20338983050846,0.8073959938366715,0.7968480523342252,2022-12-11,2022-12-11 19:47:30.977048
26887.0,48.49826466966656,0.6501339810025082,0.7058583361610404,0.5567026572190091,8.901639344262295,440.7704918032787,0.8092399403874814,0.7984972677595629,2022-12-14,2022-12-14 10:17:43.911024
26959.0,45.434259442558826,0.6408552537691358,0.7020513645898562,0.5429183067924584,8.918032786885245,441.9508196721312,0.8107302533532041,0.8006355428842955,2022-12-14,2022-12-14 18:26:23.449385
27141.0,37.68869983648481,0.4327290159465594,0.5187607475493135,0.541882235880423,9.0,444.9344262295082,0.8181818181818182,0.8075034958793254,2022-12-18,2022-12-18 11:56:47.152392
27158.0,36.73308283897673,0.4349216170481931,0.5250271860717708,0.5412562878999664,9.0,445.2131147540984,0.8181818181818182,0.8080092826753147,2022-12-19,2022-12-19 10:03:16.963445
27189.0,36.85209122932204,0.4359241797797663,0.527200371192468,0.5428785004365148,9.0,445.7213114754098,0.8181818181818182,0.8089315997738836,2022-12-20,2022-12-20 08:21:15.784982
27321.0,33.18465237503888,0.4910001079415916,0.5880450372565594,0.5621079642214034,9.049180327868852,447.88524590163934,0.8226527570789868,0.812858885483919,2022-12-22,2022-12-22 07:57:48.060825
27492.0,31.466021740339336,0.5047702605938934,0.6248828427162719,0.5349154699954599,9.065573770491802,450.6885245901639,0.8241430700447095,0.8149882903981267,2022-12-23,2022-12-23 08:34:52.725631
27589.0,31.429602552272364,0.5194876220731139,0.742026375308066,0.6140846806834905,9.065573770491802,452.27868852459017,0.8241430700447095,0.8149165559001624,2022-12-23,2022-12-23 13:59:13.707856
27698.0,23.922010658320463,0.5221348273550991,0.7762672467204199,0.6474710327713321,9.065573770491802,454.0655737704918,0.8241430700447095,0.813737587402315,2022-12-23,2022-12-23 17:07:37.691538
27804.0,21.21164003758645,0.5100604409725699,0.771390502567747,0.6903814999406918,9.065573770491802,455.8032786885246,0.8241430700447095,0.8139344262295078,2022-12-23,2022-12-23 18:29:52.107800
27820.0,21.21164003758645,0.5032422281238856,0.8282992804944574,0.7484313072506801,9.065573770491802,456.0655737704918,0.8241430700447095,0.8144028103044494,2022-12-23,2022-12-23 18:53:20.333054
27903.0,21.537231967822333,0.4841050010504792,0.8282992804944578,0.5792692223039161,9.081967213114757,457.4262295081968,0.8256333830104323,0.8153765231875167,2022-12-23,2022-12-23 19:42:30.060127
27918.0,21.537231967822333,0.480982337854853,0.8256031491817495,0.5792692223039161,9.081967213114757,457.672131147541,0.8256333830104323,0.8158148505303765,2022-12-23,2022-12-23 20:36:40.610501
27953.0,21.537231967822333,0.4723504005469846,0.8153822688811387,0.5792692223039161,9.081967213114757,458.24590163934425,0.8256333830104323,0.8168376143303823,2022-12-24,2022-12-24 03:01:53.819527
27998.0,21.31156718274827,0.4685409043327403,0.8120589867636365,0.5822713955241585,9.081967213114757,458.9836065573771,0.8256333830104323,0.8152461928194978,2022-12-24,2022-12-24 12:48:41.427148
28117.0,17.57276593835157,0.4544805358557428,0.7576449817968774,0.6839314509031366,9.081967213114757,460.9344262295082,0.8256333830104323,0.8158131437690411,2022-12-24,2022-12-24 17:46:29.630231
28172.0,17.569390150562775,0.4551072594124609,0.7485127372497703,0.6839314509031367,9.081967213114757,461.8360655737705,0.8256333830104323,0.8159647801656719,2022-12-24,2022-12-24 19:18:24.483550
28292.0,17.56250628580112,0.4505772286800031,0.7557635760580254,0.7105359593911567,9.081967213114757,463.8032786885246,0.8256333830104323,0.8165550681135996,2022-12-25,2022-12-25 17:53:41.732545
28353.0,17.21645526572635,0.3698986307359014,0.7020249426371011,0.6838425139096418,9.098360655737704,464.8032786885246,0.8271236959761552,0.818315631493881,2022-12-28,2022-12-28 14:20:25.761023
28374.0,16.88356644426574,0.4249071335939108,0.7097099533270571,0.7650907116399451,9.114754098360656,465.1475409836066,0.8286140089418781,0.818921727083814,2022-12-28,2022-12-28 20:05:07.640913
28385.0,16.88356644426574,0.4211997859111879,0.7031653914438902,0.7650907116399451,9.114754098360656,465.327868852459,0.8286140089418781,0.81923920572616,2022-12-28,2022-12-28 23:48:05.354141
28447.0,16.19671902104255,0.4253882639610856,0.7251868768337226,0.7650907116399454,9.114754098360656,466.344262295082,0.8286140089418781,0.8195856982338875,2022-12-29,2022-12-29 21:01:35.354255
28340.0,43.9395437257669,0.7133232278858584,0.9145198572772588,0.6918784637624469,9.064516129032258,457.0967741935484,0.8240469208211145,0.8104552733928168,2023-01-03,2023-01-03 03:31:57.187990
28442.0,38.27415336486263,0.4818965072814991,0.8256335870147156,0.671323589954414,9.112903225806452,458.741935483871,0.8284457478005867,0.8148169369162899,2023-01-04,2023-01-04 10:52:29.029655
28466.0,35.07010991143122,0.4798874956406483,0.7977658710683317,0.7067184180366689,9.112903225806452,459.1290322580645,0.8284457478005867,0.8140585678334483,2023-01-04,2023-01-04 22:19:47.680736
28487.0,34.29016635749199,0.4778025214885152,0.7990381872804031,0.7129769236918921,9.112903225806452,459.46774193548384,0.8284457478005867,0.8146591169068869,2023-01-05,2023-01-05 01:36:41.144724
28490.0,33.90239645170429,0.4774832935313332,0.7996552464905815,0.7129769236918921,9.112903225806452,459.5161290322581,0.8284457478005867,0.8147449096316637,2023-01-05,2023-01-05 08:50:14.247768
28503.0,33.90239645170429,0.47711921967859333,0.7960131926152354,0.7129769236918921,9.112903225806452,459.7258064516129,0.8284457478005867,0.8151166781056971,2023-01-06,2023-01-06 09:41:28.159173